{
  "corpus": [
    "the cat sat on the mat",
    "the dog sat on the log",
    "the cat and the dog",
    "a bird flew over the house",
    "the bird sat on the cat"
  ],
  "matrix": [
    [
      0.0,
      0.0,
      0.3712738797465854,
      0.0,
      0.0,
      0.0,
      0.0,
      0.554378704958719,
      0.3712738797465854,
      0.0,
      0.3712738797465854,
      0.528328846592771
    ],
    [
      0.0,
      0.0,
      0.0,
      0.43397505767170347,
      0.0,
      0.0,
      0.53790089808028,
      0.0,
      0.36023850043862915,
      0.0,
      0.36023850043862915,
      0.5126253200601053
    ],
    [
      0.5766146700528488,
      0.0,
      0.386165564720347,
      0.4652090851374417,
      0.0,
      0.0,
      0.0,
      0.0,
      0.0,
      0.0,
      0.0,
      0.54951995960988
    ],
    [
      0.0,
      0.4096944542263282,
      0.0,
      0.0,
      0.5078057159532956,
      0.5078057159532956,
      0.0,
      0.0,
      0.0,
      0.5078057159532956,
      0.0,
      0.24197214449533977
    ],
    [
      0.0,
      0.4733832196526294,
      0.3929508347677387,
      0.0,
      0.0,
      0.0,
      0.0,
      0.0,
      0.3929508347677387,
      0.0,
      0.3929508347677387,
      0.559175510655932
    ]
  ],
  "vocabulary": {
    "the": 11,
    "cat": 2,
    "sat": 10,
    "on": 8,
    "mat": 7,
    "dog": 3,
    "log": 6,
    "and": 0,
    "bird": 1,
    "flew": 4,
    "over": 9,
    "house": 5
  },
  "idf": [
    2.09861228866811,
    1.6931471805599454,
    1.4054651081081644,
    1.6931471805599454,
    2.09861228866811,
    2.09861228866811,
    2.09861228866811,
    2.09861228866811,
    1.4054651081081644,
    2.09861228866811,
    1.4054651081081644,
    1.0
  ],
  "feature_names": [
    "and",
    "bird",
    "cat",
    "dog",
    "flew",
    "house",
    "log",
    "mat",
    "on",
    "over",
    "sat",
    "the"
  ]
}
