{
  "corpus": [
    "the cat sat on the mat",
    "the dog sat on the log",
    "the cat and the dog",
    "a bird flew over the house",
    "the bird sat on the cat"
  ],
  "params": {
    "sublinear_tf": true,
    "norm": "l1",
    "max_features": 10,
    "ngram_range": [
      1,
      2
    ]
  },
  "matrix": [
    [
      0.0,
      0.13879851247496386,
      0.0,
      0.13879851247496386,
      0.13879851247496386,
      0.13879851247496386,
      0.13879851247496386,
      0.16720892515021685,
      0.13879851247496386,
      0.0
    ],
    [
      0.0,
      0.0,
      0.1582188022219946,
      0.131335898333504,
      0.131335898333504,
      0.131335898333504,
      0.131335898333504,
      0.1582188022219946,
      0.0,
      0.1582188022219946
    ],
    [
      0.0,
      0.17812406705700112,
      0.21458395529533256,
      0.0,
      0.0,
      0.0,
      0.0,
      0.21458395529533256,
      0.17812406705700112,
      0.21458395529533256
    ],
    [
      0.6286872075843678,
      0.0,
      0.0,
      0.0,
      0.0,
      0.0,
      0.0,
      0.37131279241563214,
      0.0,
      0.0
    ],
    [
      0.14325535176035215,
      0.1189148827465493,
      0.0,
      0.1189148827465493,
      0.1189148827465493,
      0.1189148827465493,
      0.1189148827465493,
      0.14325535176035215,
      0.1189148827465493,
      0.0
    ]
  ],
  "vocabulary": {
    "the": 7,
    "cat": 1,
    "sat": 5,
    "on": 3,
    "the cat": 8,
    "sat on": 6,
    "on the": 4,
    "dog": 2,
    "the dog": 9,
    "bird": 0
  },
  "idf": [
    1.6931471805599454,
    1.4054651081081644,
    1.6931471805599454,
    1.4054651081081644,
    1.4054651081081644,
    1.4054651081081644,
    1.4054651081081644,
    1.0,
    1.4054651081081644,
    1.6931471805599454
  ],
  "feature_names": [
    "bird",
    "cat",
    "dog",
    "on",
    "on the",
    "sat",
    "sat on",
    "the",
    "the cat",
    "the dog"
  ]
}
