{
  "_metadata": {
    "generated_at": "2026-02-22T21:52:43.096638+00:00",
    "numpy_version": "2.4.2",
    "random_state": 42
  },
  "description": "100 samples, 5 features. Features 0, 2, 4 are constant; features 1 and 3 have normal variation.",
  "constant_feature_indices": [
    0,
    2,
    4
  ],
  "varying_feature_indices": [
    1,
    3
  ],
  "constant_values": {
    "0": 7.0,
    "2": -3.14,
    "4": 0.0
  },
  "X": [
    [
      7.0,
      0.30471707975443135,
      -3.14,
      -0.3781625540393897,
      0.0
    ],
    [
      7.0,
      -1.0399841062404955,
      -3.14,
      1.2992282977860654,
      0.0
    ],
    [
      7.0,
      0.7504511958064572,
      -3.14,
      -0.35626397106142593,
      0.0
    ],
    [
      7.0,
      0.9405647163912139,
      -3.14,
      0.7375155684670865,
      0.0
    ],
    [
      7.0,
      -1.9510351886538364,
      -3.14,
      -0.933617680009877,
      0.0
    ],
    [
      7.0,
      -1.302179506862318,
      -3.14,
      -0.20543755786763002,
      0.0
    ],
    [
      7.0,
      0.12784040316728537,
      -3.14,
      -0.9500220549105812,
      0.0
    ],
    [
      7.0,
      -0.3162425923435822,
      -3.14,
      -0.3390330759005625,
      0.0
    ],
    [
      7.0,
      -0.016801157504288795,
      -3.14,
      0.8403081374573955,
      0.0
    ],
    [
      7.0,
      -0.85304392757358,
      -3.14,
      -1.7273204231923487,
      0.0
    ],
    [
      7.0,
      0.8793979748628286,
      -3.14,
      0.43442364354585733,
      0.0
    ],
    [
      7.0,
      0.7777919354289483,
      -3.14,
      0.2377356023322779,
      0.0
    ],
    [
      7.0,
      0.06603069756121605,
      -3.14,
      -0.5941499556967944,
      0.0
    ],
    [
      7.0,
      1.1272412069680329,
      -3.14,
      -1.4460578543884546,
      0.0
    ],
    [
      7.0,
      0.4675093422520456,
      -3.14,
      0.07212950771386951,
      0.0
    ],
    [
      7.0,
      -0.8592924628832382,
      -3.14,
      -0.5294927090638024,
      0.0
    ],
    [
      7.0,
      0.36875078408249884,
      -3.14,
      0.23267621135470395,
      0.0
    ],
    [
      7.0,
      -0.9588826008289989,
      -3.14,
      0.02185214552344288,
      0.0
    ],
    [
      7.0,
      0.8784503013072725,
      -3.14,
      1.6017788913209154,
      0.0
    ],
    [
      7.0,
      -0.049925910986252896,
      -3.14,
      -0.23935562747302427,
      0.0
    ],
    [
      7.0,
      -0.18486236354526056,
      -3.14,
      -1.023497492621865,
      0.0
    ],
    [
      7.0,
      -0.6809295444039414,
      -3.14,
      0.17927563495631615,
      0.0
    ],
    [
      7.0,
      1.2225413386740303,
      -3.14,
      0.21999668397176517,
      0.0
    ],
    [
      7.0,
      -0.15452948206880215,
      -3.14,
      1.3591875752404365,
      0.0
    ],
    [
      7.0,
      -0.4283278221631072,
      -3.14,
      0.8351112459145785,
      0.0
    ],
    [
      7.0,
      -0.3521335504882296,
      -3.14,
      0.35687105914950934,
      0.0
    ],
    [
      7.0,
      0.5323091855533487,
      -3.14,
      1.4633028912195618,
      0.0
    ],
    [
      7.0,
      0.36544406436407834,
      -3.14,
      -1.188763054322851,
      0.0
    ],
    [
      7.0,
      0.4127326115959884,
      -3.14,
      -0.6397515327497477,
      0.0
    ],
    [
      7.0,
      0.43082100300788273,
      -3.14,
      -0.9265759414055249,
      0.0
    ],
    [
      7.0,
      2.1416476008704612,
      -3.14,
      -0.38980980315576796,
      0.0
    ],
    [
      7.0,
      -0.4064150163846156,
      -3.14,
      -1.3766861475563088,
      0.0
    ],
    [
      7.0,
      -0.5122427290715373,
      -3.14,
      0.6351509468144043,
      0.0
    ],
    [
      7.0,
      -0.8137727282478777,
      -3.14,
      -0.22222269709877338,
      0.0
    ],
    [
      7.0,
      0.6159794225754956,
      -3.14,
      -1.4708062945026579,
      0.0
    ],
    [
      7.0,
      1.1289722927208916,
      -3.14,
      -1.0155790812075416,
      0.0
    ],
    [
      7.0,
      -0.11394745765487507,
      -3.14,
      0.3135138474501953,
      0.0
    ],
    [
      7.0,
      -0.840156476962528,
      -3.14,
      0.8381265678943811,
      0.0
    ],
    [
      7.0,
      -0.8244812156912396,
      -3.14,
      1.9967308916917865,
      0.0
    ],
    [
      7.0,
      0.6505927878247011,
      -3.14,
      2.9138624660073296,
      0.0
    ],
    [
      7.0,
      0.7432541712034423,
      -3.14,
      0.4144094332759964,
      0.0
    ],
    [
      7.0,
      0.543154268305195,
      -3.14,
      -0.9895381200318641,
      0.0
    ],
    [
      7.0,
      -0.6655097072886943,
      -3.14,
      -2.132046280731309,
      0.0
    ],
    [
      7.0,
      0.23216132306671977,
      -3.14,
      0.2677114623438358,
      0.0
    ],
    [
      7.0,
      0.11668580914072822,
      -3.14,
      -0.812941095310326,
      0.0
    ],
    [
      7.0,
      0.21868859672901295,
      -3.14,
      -0.41535726017968533,
      0.0
    ],
    [
      7.0,
      0.8714287779481898,
      -3.14,
      -0.6120967990598081,
      0.0
    ],
    [
      7.0,
      0.22359554877468227,
      -3.14,
      -0.14079088641638526,
      0.0
    ],
    [
      7.0,
      0.6789135630718949,
      -3.14,
      1.0659802307876436,
      0.0
    ],
    [
      7.0,
      0.06757906948889146,
      -3.14,
      0.15704856744534462,
      0.0
    ],
    [
      7.0,
      0.28911939868998415,
      -3.14,
      -0.1586348370386883,
      0.0
    ],
    [
      7.0,
      0.6312882258385404,
      -3.14,
      -1.0356537528258116,
      0.0
    ],
    [
      7.0,
      -1.4571558198556664,
      -3.14,
      -1.674682944704357,
      0.0
    ],
    [
      7.0,
      -0.31967121635730134,
      -3.14,
      -0.4863079090733309,
      0.0
    ],
    [
      7.0,
      -0.4703726542927955,
      -3.14,
      -0.05378255081832049,
      0.0
    ],
    [
      7.0,
      -0.6388778482433419,
      -3.14,
      1.767929913579883,
      0.0
    ],
    [
      7.0,
      -0.27514225122668373,
      -3.14,
      0.13027452147288585,
      0.0
    ],
    [
      7.0,
      1.4949413112343959,
      -3.14,
      0.9827395110230576,
      0.0
    ],
    [
      7.0,
      -0.8658311156932432,
      -3.14,
      -0.49929559853915206,
      0.0
    ],
    [
      7.0,
      0.9682783545914808,
      -3.14,
      -1.1849437664170246,
      0.0
    ],
    [
      7.0,
      -1.6828697716158048,
      -3.14,
      -0.9651167622323719,
      0.0
    ],
    [
      7.0,
      -0.33488502998577485,
      -3.14,
      -0.7252260645357532,
      0.0
    ],
    [
      7.0,
      0.1627530651050056,
      -3.14,
      2.1284697324351645,
      0.0
    ],
    [
      7.0,
      0.5862223313592781,
      -3.14,
      -0.8213866792243861,
      0.0
    ],
    [
      7.0,
      0.711226579792855,
      -3.14,
      0.838489203736345,
      0.0
    ],
    [
      7.0,
      0.7933472351999252,
      -3.14,
      -0.9029271780870264,
      0.0
    ],
    [
      7.0,
      -0.3487250722484376,
      -3.14,
      0.9315730128742441,
      0.0
    ],
    [
      7.0,
      -0.46235179266456716,
      -3.14,
      0.38495096610586316,
      0.0
    ],
    [
      7.0,
      0.8579758812571538,
      -3.14,
      -0.1566378976580904,
      0.0
    ],
    [
      7.0,
      -0.1913043248816149,
      -3.14,
      -0.040762526135434025,
      0.0
    ],
    [
      7.0,
      -1.2756863233379219,
      -3.14,
      -0.6547876954293904,
      0.0
    ],
    [
      7.0,
      -1.1332872140034806,
      -3.14,
      0.44607220148208054,
      0.0
    ],
    [
      7.0,
      -0.9194522860016113,
      -3.14,
      -0.45498348034078,
      0.0
    ],
    [
      7.0,
      0.49716074405376404,
      -3.14,
      -1.2256057637672482,
      0.0
    ],
    [
      7.0,
      0.14242573607056525,
      -3.14,
      -1.2779375743196193,
      0.0
    ],
    [
      7.0,
